{
	"name": "Empty header",
	"structure": {
		"id": "root",
		"type": "root",
		"content": [
			{
				"id": "top-bar",
				"type": "row",
				"content": [
					{
						"id": "column5",
						"type": "column",
						"content": []
					},
					{
						"id": "column6",
						"type": "column",
						"content": []
					},
					{
						"id": "column7",
						"type": "column",
						"content": []
					},
					{
						"id": "column_mobile1",
						"type": "column",
						"content": []
					}
				],
				"params": {
					"flex_layout": {
						"id": "flex_layout",
						"value": "stretch-center",
						"type": "selector"
					},
					"height": {
						"id": "height",
						"value": 40,
						"type": "slider"
					},
					"mobile_height": {
						"id": "mobile_height",
						"value": 40,
						"type": "slider"
					},
					"hide_desktop": {
						"id": "hide_desktop",
						"value": false,
						"type": "switcher"
					},
					"hide_mobile": {
						"id": "hide_mobile",
						"value": false,
						"type": "switcher"
					},
					"sticky": {
						"id": "sticky",
						"value": false,
						"type": "switcher"
					},
					"sticky_height": {
						"id": "sticky_height",
						"value": 40,
						"type": "slider"
					},
					"color_scheme": {
						"id": "color_scheme",
						"value": "dark",
						"type": "selector"
					},
					"background": {
						"id": "background",
						"value": "",
						"type": "bg"
					},
					"border": {
						"id": "border",
						"value": "",
						"type": "border"
					}
				}
			},
			{
				"id": "general-header",
				"type": "row",
				"content": [
					{
						"id": "column8",
						"type": "column",
						"content": []
					},
					{
						"id": "column9",
						"type": "column",
						"content": []
					},
					{
						"id": "column10",
						"type": "column",
						"content": []
					},
					{
						"id": "column_mobile2",
						"type": "column",
						"content": []
					},
					{
						"id": "column_mobile3",
						"type": "column",
						"content": []
					},
					{
						"id": "column_mobile4",
						"type": "column",
						"content": []
					}
				],
				"params": {
					"flex_layout": {
						"id": "flex_layout",
						"value": "stretch-center",
						"type": "selector"
					},
					"height": {
						"id": "height",
						"value": 90,
						"type": "slider"
					},
					"mobile_height": {
						"id": "mobile_height",
						"value": 60,
						"type": "slider"
					},
					"hide_desktop": {
						"id": "hide_desktop",
						"value": false,
						"type": "switcher"
					},
					"hide_mobile": {
						"id": "hide_mobile",
						"value": false,
						"type": "switcher"
					},
					"sticky": {
						"id": "sticky",
						"value": false,
						"type": "switcher"
					},
					"sticky_height": {
						"id": "sticky_height",
						"value": 60,
						"type": "slider"
					},
					"color_scheme": {
						"id": "color_scheme",
						"value": "dark",
						"type": "selector"
					},
					"background": {
						"id": "background",
						"value": "",
						"type": "bg"
					},
					"border": {
						"id": "border",
						"value": "",
						"type": "border"
					}
				}
			},
			{
				"id": "header-bottom",
				"type": "row",
				"content": [
					{
						"id": "column11",
						"type": "column",
						"content": []
					},
					{
						"id": "column12",
						"type": "column",
						"content": []
					},
					{
						"id": "column13",
						"type": "column",
						"content": []
					},
					{
						"id": "column_mobile5",
						"type": "column",
						"content": []
					}
				],
				"params": {
					"flex_layout": {
						"id": "flex_layout",
						"value": "stretch-center",
						"type": "selector"
					},
					"height": {
						"id": "height",
						"value": 50,
						"type": "slider"
					},
					"mobile_height": {
						"id": "mobile_height",
						"value": 50,
						"type": "slider"
					},
					"hide_desktop": {
						"id": "hide_desktop",
						"value": false,
						"type": "switcher"
					},
					"hide_mobile": {
						"id": "hide_mobile",
						"value": false,
						"type": "switcher"
					},
					"sticky": {
						"id": "sticky",
						"value": false,
						"type": "switcher"
					},
					"sticky_height": {
						"id": "sticky_height",
						"value": 50,
						"type": "slider"
					},
					"color_scheme": {
						"id": "color_scheme",
						"value": "dark",
						"type": "selector"
					},
					"background": {
						"id": "background",
						"value": "",
						"type": "bg"
					},
					"border": {
						"id": "border",
						"value": "",
						"type": "border"
					}
				}
			}
		]
	},
	"settings": {
		"overlap": {
			"id": "overlap",
			"value": false,
			"type": "switcher"
		},
		"full_width": {
			"id": "full_width",
			"value": false,
			"type": "switcher"
		},
		"dropdowns_dark": {
			"id": "dropdowns_dark",
			"value": false,
			"type": "switcher"
		},
		"sticky_shadow": {
			"id": "sticky_shadow",
			"value": true,
			"type": "switcher"
		},
		"sticky_effect": {
			"id": "sticky_effect",
			"value": "stick",
			"type": "selector"
		},
		"sticky_clone": {
			"id": "sticky_clone",
			"value": false,
			"type": "switcher"
		},
		"sticky_height": {
			"id": "sticky_height",
			"value": 50,
			"type": "slider"
		}
	}
}