{"name":"Logo center","structure":{"id":"root","type":"root","content":[{"id":"top-bar","type":"row","content":[{"id":"column5","type":"column","content":[{"id":"hmyxmi7gnfra41ujs86i","type":"text","params":{"content":{"id":"content","value":"<strong><span style=\"color: #ffffff;\">ADD ANYTHING HERE OR JUST REMOVE IT…</span></strong>","type":"editor"},"inline":{"id":"inline","value":false,"type":"switcher"},"color_scheme":{"id":"color_scheme","value":"inherit","type":"selector"},"text_color":{"id":"text_color","value":"","type":"color"},"font_size":{"id":"font_size","value":"xs","type":"select"},"css_class":{"id":"css_class","value":"","type":"text"}}}]},{"id":"column6","type":"column","content":[]},{"id":"column7","type":"column","content":[{"id":"wkgawgd8gd8xya5njrgs","type":"social_buttons","params":{"type":{"id":"type","value":"follow","type":"selector"},"color_scheme":{"id":"color_scheme","value":"light","type":"selector"},"size":{"id":"size","value":"s","type":"selector"},"style":{"id":"style","value":"default","type":"selector"},"shape":{"id":"shape","value":"round","type":"selector"}}}]},{"id":"column_mobile1","type":"column","content":[{"id":"hmlrbdfvrkeqzo63hm7d","type":"social_buttons","params":{"type":{"id":"type","value":"follow","type":"selector"},"color_scheme":{"id":"color_scheme","value":"light","type":"selector"},"size":{"id":"size","value":"s","type":"selector"},"style":{"id":"style","value":"default","type":"selector"},"shape":{"id":"shape","value":"round","type":"selector"}}}]}],"params":{"flex_layout":{"id":"flex_layout","value":"stretch-center","type":"selector"},"height":{"id":"height","value":40,"type":"slider"},"mobile_height":{"id":"mobile_height","value":40,"type":"slider"},"align_dropdowns_bottom":{"id":"align_dropdowns_bottom","value":false,"type":"switcher"},"hide_desktop":{"id":"hide_desktop","value":false,"type":"switcher"},"hide_mobile":{"id":"hide_mobile","value":false,"type":"switcher"},"sticky":{"id":"sticky","value":false,"type":"switcher"},"sticky_height":{"id":"sticky_height","value":40,"type":"slider"},"color_scheme":{"id":"color_scheme","value":"dark","type":"selector"},"shadow":{"id":"shadow","value":false,"type":"switcher"},"background":{"id":"background","value":{"background-color":{"r":117,"g":163,"b":238,"a":1}},"type":"bg"},"border":{"id":"border","value":"","type":"border"}}},{"id":"general-header","type":"row","content":[{"id":"column8","type":"column","content":[{"id":"ywbv5hlanlowymx22g0c","type":"text","params":{"content":{"id":"content","value":"ADD ANYTHING HERE OR JUST REMOVE IT…","type":"editor"},"inline":{"id":"inline","value":false,"type":"switcher"},"color_scheme":{"id":"color_scheme","value":"dark","type":"selector"},"text_color":{"id":"text_color","value":"","type":"color"},"font_size":{"id":"font_size","value":"s","type":"select"},"css_class":{"id":"css_class","value":"","type":"text"}}}]},{"id":"column9","type":"column","content":[{"id":"ge5mpiiej17yc62ckzo1","type":"logo","params":{"image":{"id":"image","value":"","type":"image"},"width":{"id":"width","value":250,"type":"slider"},"sticky_image":{"id":"sticky_image","value":"","type":"image"},"sticky_width":{"id":"sticky_width","value":250,"type":"slider"},"logo_notice":{"id":"logo_notice","value":"","type":"notice"}}}]},{"id":"column10","type":"column","content":[{"id":"ssxktwb1ba94k3s2esns","type":"my-account","params":{"style":{"id":"style","value":"text","type":"selector"},"icon_style":{"id":"icon_style","value":"default","type":"selector"},"custom_icon":{"id":"custom_icon","value":"","type":"image"},"with_username":{"id":"with_username","value":false,"type":"switcher"},"login_form":{"id":"login_form","value":true,"type":"switcher"},"position":{"id":"position","value":"right","type":"selector"},"color_scheme":{"id":"color_scheme","value":"inherit","type":"selector"}}},{"id":"f287llmqf7uqpjlgmes0","type":"search","params":{"display":{"id":"display","value":"full-screen","type":"selector"},"search_style":{"id":"search_style","value":"icon-alt","type":"selector"},"form_color_scheme":{"id":"form_color_scheme","value":"dark","type":"selector"},"icon_style":{"id":"icon_style","value":"icon","type":"selector"},"categories_dropdown":{"id":"categories_dropdown","value":false,"type":"switcher"},"icon_type":{"id":"icon_type","value":"default","type":"selector"},"custom_icon":{"id":"custom_icon","value":"","type":"image"},"ajax":{"id":"ajax","value":true,"type":"switcher"},"ajax_result_count":{"id":"ajax_result_count","value":20,"type":"slider"},"post_type":{"id":"post_type","value":"post","type":"selector"},"color_scheme":{"id":"color_scheme","value":"dark","type":"selector"}}},{"id":"huye254sy78rrjkhtwdp","type":"compare","params":{"style":{"id":"style","value":"icon","type":"selector"},"design":{"id":"design","value":"default","type":"selector"},"icon_style":{"id":"icon_style","value":"default","type":"selector"},"custom_icon":{"id":"custom_icon","value":"","type":"image"}}},{"id":"f9jnnf4xfvew7n8n4aso","type":"wishlist","params":{"style":{"id":"style","value":"icon","type":"selector"},"design":{"id":"design","value":"default","type":"selector"},"icon_style":{"id":"icon_style","value":"default","type":"selector"},"custom_icon":{"id":"custom_icon","value":"","type":"image"}}},{"id":"4dqxxw8usitn9z0aeouc","type":"cart","params":{"widget_type":{"id":"widget_type","value":"side","type":"selector"},"color_scheme":{"id":"color_scheme","value":"inherit","type":"selector"},"position":{"id":"position","value":"right","type":"selector"},"style":{"id":"style","value":"icon-text","type":"selector"},"design":{"id":"design","value":"default","type":"selector"},"icon_style":{"id":"icon_style","value":"cart","type":"selector"},"custom_icon":{"id":"custom_icon","value":"","type":"image"}}}]},{"id":"column_mobile2","type":"column","content":[{"id":"3srvpxolqay9rnnkt4pa","type":"burger","params":{"menu_id":{"id":"menu_id","value":"main-menu","type":"select"},"style":{"id":"style","value":"icon","type":"selector"},"icon_type":{"id":"icon_type","value":"default","type":"selector"},"custom_icon":{"id":"custom_icon","value":"","type":"image"},"position":{"id":"position","value":"left","type":"selector"},"color_scheme":{"id":"color_scheme","value":"inherit","type":"selector"},"search_form":{"id":"search_form","value":true,"type":"switcher"}}}]},{"id":"column_mobile3","type":"column","content":[{"id":"egy3beqsjfugbix9k67u","type":"logo","params":{"image":{"id":"image","value":"","type":"image"},"width":{"id":"width","value":180,"type":"slider"},"sticky_image":{"id":"sticky_image","value":"","type":"image"},"sticky_width":{"id":"sticky_width","value":180,"type":"slider"},"logo_notice":{"id":"logo_notice","value":"","type":"notice"}}}]},{"id":"column_mobile4","type":"column","content":[{"id":"obxxs15ca0ambvubhg4k","type":"cart","params":{"widget_type":{"id":"widget_type","value":"side","type":"selector"},"color_scheme":{"id":"color_scheme","value":"inherit","type":"selector"},"position":{"id":"position","value":"right","type":"selector"},"style":{"id":"style","value":"icon","type":"selector"},"design":{"id":"design","value":"default","type":"selector"},"icon_style":{"id":"icon_style","value":"cart","type":"selector"},"custom_icon":{"id":"custom_icon","value":"","type":"image"}}}]}],"params":{"flex_layout":{"id":"flex_layout","value":"equal-sides","type":"selector"},"height":{"id":"height","value":90,"type":"slider"},"mobile_height":{"id":"mobile_height","value":60,"type":"slider"},"align_dropdowns_bottom":{"id":"align_dropdowns_bottom","value":false,"type":"switcher"},"hide_desktop":{"id":"hide_desktop","value":false,"type":"switcher"},"hide_mobile":{"id":"hide_mobile","value":false,"type":"switcher"},"sticky":{"id":"sticky","value":false,"type":"switcher"},"sticky_height":{"id":"sticky_height","value":60,"type":"slider"},"color_scheme":{"id":"color_scheme","value":"dark","type":"selector"},"shadow":{"id":"shadow","value":false,"type":"switcher"},"background":{"id":"background","value":"","type":"bg"},"border":{"id":"border","value":{"width-bottom":"1","color":{"r":232,"g":232,"b":232,"a":1},"sides":["top","bottom","left","right"]},"type":"border"}}},{"id":"header-bottom","type":"row","content":[{"id":"column11","type":"column","content":[]},{"id":"column12","type":"column","content":[{"id":"75eaidkf71c6cgpds4j9","type":"mainmenu","params":{"menu_style":{"id":"menu_style","value":"default","type":"selector"},"menu_full_height":{"id":"menu_full_height","value":false,"type":"switcher"},"menu_align":{"id":"menu_align","value":"center","type":"selector"},"menu_items_gap":{"id":"menu_items_gap","value":"m","type":"selector"}}}]},{"id":"column13","type":"column","content":[]},{"id":"column_mobile5","type":"column","content":[]}],"params":{"flex_layout":{"id":"flex_layout","value":"stretch-center","type":"selector"},"height":{"id":"height","value":50,"type":"slider"},"mobile_height":{"id":"mobile_height","value":50,"type":"slider"},"align_dropdowns_bottom":{"id":"align_dropdowns_bottom","value":false,"type":"switcher"},"hide_desktop":{"id":"hide_desktop","value":false,"type":"switcher"},"hide_mobile":{"id":"hide_mobile","value":true,"type":"switcher"},"sticky":{"id":"sticky","value":false,"type":"switcher"},"sticky_height":{"id":"sticky_height","value":50,"type":"slider"},"color_scheme":{"id":"color_scheme","value":"dark","type":"selector"},"shadow":{"id":"shadow","value":false,"type":"switcher"},"background":{"id":"background","value":"","type":"bg"},"border":{"id":"border","value":{"color":{"r":232,"g":232,"b":232,"a":1},"width-bottom":"1","sides":["top","bottom","left","right"]},"type":"border"}}}]},"settings":{"overlap":{"id":"overlap","value":false,"type":"switcher"},"boxed":{"id":"boxed","value":false,"type":"switcher"},"background_hover":{"id":"background_hover","value":false,"type":"switcher"},"full_width":{"id":"full_width","value":false,"type":"switcher"},"sticky_effect":{"id":"sticky_effect","value":"slide","type":"selector"},"sticky_clone":{"id":"sticky_clone","value":true,"type":"switcher"},"sticky_height":{"id":"sticky_height","value":60,"type":"slider"},"sticky_shadow":{"id":"sticky_shadow","value":true,"type":"switcher"},"hide_on_scroll":{"id":"hide_on_scroll","value":false,"type":"switcher"}}}